"Abraham","Lincoln","LAbraham@example.com","M0-59947000"
"Burlew","Drew","linearguild@example.com","M0-11651000"
"Gwin","Todd","TGwin@example.com","M0-60288000"
"Dunagan","Kristi","KDunagan@example.com","M0-20168000"
"Seiber","Andrew","ASeiber@example.com","M0-19309000"
"Rodrigez","Nicholas","NRodrigez@example.com","M0-15118000"
"Hardaway","Timothy","THardaway@example.com","M0-54545000"
"Mccormack","Steven","clyde@example.com","M0-62861000"
"Mayers","Kimberly","KMayers@example.com","M0-79980000"
"Combs","Earl","ECombs@example.com","M0-63911000"
"Heinen","Jeanie","JHeinen@example.com","M0-32632000"
"Laird","Jason","JLaird@example.com","M0-59045000"
"Curtin","Richard","RCurtin@example.com","M0-24578000"
"Kasey-Dee","Xavior","stickman@example.com","M0-57715000"
"Stoll","Jason","DJason@example.com","M0-11945000"
"Munn","Rachel","SRachel@example.com","M0-24529000"
"Rusk","Henry","MHenry@example.com","M0-49920000"
"Busch","Glenda","slinky@example.com","M0-48178000"
"Colbert","Mark","BMark@example.com","M0-41515000"
"Waldo","Shelia","socialengineer@example.com","M0-73160000"
"Lo","Alicia","WAlicia@example.com","M0-43958000"
"Goncalvez","Marie","MSantacruz@example.com","M0-74861000"
"Brooks","Jesse","standardtoaster@example.com","M0-55463000"
"Piatt","Johnny","BJohnny@example.com","M0-54736000"
"Bosley","Jacob","PJacob@example.com","M0-13855000"
"Gatto","Rosa","BRosa@example.com","M0-64457000"
"Thyme","Makyur","allyourbase@example.com","M0-49247000"
"Piatt","Chad","CChad@example.com","M0-10255000"
"O'Thadead","Shawn","cardio@example.com","M0-18570000"
"Jorden","Harold","ring@example.com","M0-47998000"